Reference	Value	Spec	Qty	Package	LCSC	MFR PN
C1,C2	1 uF	 ±10% 50V	2	0805	C6119929	
C3	1 nF	 ±10% 100V	1	0805	C141155	
C5	100nF	 ±10% 50V	1	0805	C49678	
D1	SS14	30V 0.5A Schottky Diode	1	SMA	C2480	
D2	GREEN	LED GREEN	1	3 mm		
D3	YELLOW	LED YELLOW	1	3 mm		
J1	2479774-1	USB C 2.0 	1	Receptable 1x6		2479774-1
J2	Conn_01x04_Pin	Male / THT/ Vertical	1	2.54 mm 1x4		
J3,J4	Conn_01x10_Pin	Male / THT/ Vertical	2	2.54 mm 1x10		
JP1	JP_PLED	Male / THT/ Vertical	1	2.54 mm 1x2		
JP3	JP_SLED	Male / THT/ Vertical	1	2.54 mm 1x2		
R1	470	1% 125 mW	1	1206		
R2	47k	1% 125 mW	1	1206		
R3	330	1% 125 mW	1	1206		
R4	33k	1% 125 mW	1	0805		
R5	100k	1% 125 mW	1	0805	C17407	
R6,R7	5k1	1% 125 mW	2	0805	C2907269	
SW1	SW_RESET	H=4.5mm Tactile	1	4.5 x 4.5 SMD		SWT0210-045026GSA
U1	MSP430G2302	16-Bit MSP430 16 MHz	1	PDIP-20		MSP430G2302IN20
U2	AP2112K-3.3TRG1(MS)	3V3 0.6 A	1	SOT-23-5	C22365427	
U3	PESD5V0S1BA_C5261083	Vbr 5.6V Vc 8V Ipp 11A	1	SOD-323	C5261083	
